project_id,recipient_name,state,fiscal_year,status,error
earmark_000001,,,2022,missing_recipient,
earmark_000002,,,2022,missing_recipient,
earmark_000003,,,2022,missing_recipient,
earmark_000004,,,2022,missing_recipient,
earmark_000005,,,2022,missing_recipient,
earmark_000006,,,2022,missing_recipient,
earmark_000007,,,2022,missing_recipient,
earmark_000008,,,2022,missing_recipient,
earmark_000009,,,2022,missing_recipient,
earmark_000010,,,2022,missing_recipient,
earmark_000011,,,2022,missing_recipient,
earmark_000012,,,2022,missing_recipient,
earmark_000013,,,2022,missing_recipient,
earmark_000014,,,2022,missing_recipient,
earmark_000015,,,2022,missing_recipient,
earmark_000016,,,2022,missing_recipient,
earmark_000017,,,2022,missing_recipient,
earmark_000018,,,2022,missing_recipient,
earmark_000019,,,2022,missing_recipient,
earmark_000020,,,2022,missing_recipient,
earmark_000021,,,2022,missing_recipient,
earmark_000022,,,2022,missing_recipient,
earmark_000023,,,2022,missing_recipient,
earmark_000024,,,2022,missing_recipient,
earmark_000025,,,2022,missing_recipient,
earmark_000026,,,2022,missing_recipient,
earmark_000027,,,2022,missing_recipient,
earmark_000028,,,2022,missing_recipient,
earmark_000029,,,2022,missing_recipient,
earmark_000030,,,2022,missing_recipient,
earmark_000031,,,2022,missing_recipient,
earmark_000032,,,2022,missing_recipient,
earmark_000033,,,2022,missing_recipient,
earmark_000034,,,2022,missing_recipient,
earmark_000035,,,2022,missing_recipient,
earmark_000036,,,2022,missing_recipient,
earmark_000037,,,2022,missing_recipient,
earmark_000038,,,2022,missing_recipient,
earmark_000039,,,2022,missing_recipient,
earmark_000040,,,2022,missing_recipient,
earmark_000041,,,2022,missing_recipient,
earmark_000042,,,2022,missing_recipient,
earmark_000043,,,2022,missing_recipient,
earmark_000044,,,2022,missing_recipient,
earmark_000045,,,2022,missing_recipient,
earmark_000046,,,2022,missing_recipient,
earmark_000047,,,2022,missing_recipient,
earmark_000048,,,2022,missing_recipient,
earmark_000049,,,2022,missing_recipient,
earmark_000050,,,2022,missing_recipient,
earmark_000051,,,2022,missing_recipient,
earmark_000052,,,2022,missing_recipient,
earmark_000053,,,2022,missing_recipient,
earmark_000054,,,2022,missing_recipient,
earmark_000055,,,2022,missing_recipient,
earmark_000056,,,2022,missing_recipient,
earmark_000057,,,2022,missing_recipient,
earmark_000058,,,2022,missing_recipient,
earmark_000059,,,2022,missing_recipient,
earmark_000060,,,2022,missing_recipient,
earmark_000061,,,2022,missing_recipient,
earmark_000062,,,2022,missing_recipient,
earmark_000063,,,2022,missing_recipient,
earmark_000064,,,2022,missing_recipient,
earmark_000065,,,2022,missing_recipient,
earmark_000066,,,2022,missing_recipient,
earmark_000067,,,2022,missing_recipient,
earmark_000068,,,2022,missing_recipient,
earmark_000069,,,2022,missing_recipient,
earmark_000070,,,2022,missing_recipient,
earmark_000071,,,2022,missing_recipient,
earmark_000072,,,2022,missing_recipient,
earmark_000073,,,2022,missing_recipient,
earmark_000074,,,2022,missing_recipient,
earmark_000075,,,2022,missing_recipient,
earmark_000076,,,2022,missing_recipient,
earmark_000077,,,2022,missing_recipient,
earmark_000078,,,2022,missing_recipient,
earmark_000079,,,2022,missing_recipient,
earmark_000080,,,2022,missing_recipient,
earmark_000081,,,2022,missing_recipient,
earmark_000082,,,2022,missing_recipient,
earmark_000083,,,2022,missing_recipient,
earmark_000084,,,2022,missing_recipient,
earmark_000085,,,2022,missing_recipient,
earmark_000086,,,2022,missing_recipient,
earmark_000087,,,2022,missing_recipient,
earmark_000088,,,2022,missing_recipient,
earmark_000089,,,2022,missing_recipient,
earmark_000090,,,2022,missing_recipient,
earmark_000091,,,2022,missing_recipient,
earmark_000092,,,2022,missing_recipient,
earmark_000093,,,2022,missing_recipient,
earmark_000094,,,2022,missing_recipient,
earmark_000095,,,2022,missing_recipient,
earmark_000096,,,2022,missing_recipient,
earmark_000097,,,2022,missing_recipient,
earmark_000098,,,2022,missing_recipient,
earmark_000099,,,2022,missing_recipient,
earmark_000100,,,2022,missing_recipient,
earmark_000101,,,2022,missing_recipient,
earmark_000102,,,2022,missing_recipient,
earmark_000103,,,2022,missing_recipient,
earmark_000104,,,2022,missing_recipient,
earmark_000105,,,2022,missing_recipient,
earmark_000106,,,2022,missing_recipient,
earmark_000107,,,2022,missing_recipient,
earmark_000108,,,2022,missing_recipient,
earmark_000109,,,2022,missing_recipient,
earmark_000110,,,2022,missing_recipient,
earmark_000111,,,2022,missing_recipient,
earmark_000112,,,2022,missing_recipient,
earmark_000113,,,2022,missing_recipient,
earmark_000114,,,2022,missing_recipient,
earmark_000115,,,2022,missing_recipient,
earmark_000116,,,2022,missing_recipient,
earmark_000117,,,2022,missing_recipient,
earmark_000118,,,2022,missing_recipient,
earmark_000119,,,2022,missing_recipient,
earmark_000120,,,2022,missing_recipient,
earmark_000121,,,2022,missing_recipient,
earmark_000122,,,2022,missing_recipient,
earmark_000123,,,2022,missing_recipient,
earmark_000124,,,2022,missing_recipient,
earmark_000125,,,2022,missing_recipient,
earmark_000126,,,2022,missing_recipient,
earmark_000127,,,2022,missing_recipient,
earmark_000128,,,2022,missing_recipient,
earmark_000129,,,2022,missing_recipient,
earmark_000130,,,2022,missing_recipient,
earmark_000131,,,2022,missing_recipient,
earmark_000132,,,2022,missing_recipient,
earmark_000133,,,2022,missing_recipient,
earmark_000134,,,2022,missing_recipient,
earmark_000135,,,2022,missing_recipient,
earmark_000136,,,2022,missing_recipient,
earmark_000137,,,2022,missing_recipient,
earmark_000138,,,2022,missing_recipient,
earmark_000139,,,2022,missing_recipient,
earmark_000140,,,2022,missing_recipient,
earmark_000141,,,2022,missing_recipient,
earmark_000142,,,2022,missing_recipient,
earmark_000143,,,2022,missing_recipient,
earmark_000144,,,2022,missing_recipient,
earmark_000145,,,2022,missing_recipient,
earmark_000146,,,2022,missing_recipient,
earmark_000147,,,2022,missing_recipient,
earmark_000148,,,2022,missing_recipient,
earmark_000149,,,2022,missing_recipient,
earmark_000150,,,2022,missing_recipient,
earmark_000151,,,2022,missing_recipient,
earmark_000152,,,2022,missing_recipient,
earmark_000153,,,2022,missing_recipient,
earmark_000154,,,2022,missing_recipient,
earmark_000155,,,2022,missing_recipient,
earmark_000156,,,2022,missing_recipient,
earmark_000157,,,2022,missing_recipient,
earmark_000158,,,2022,missing_recipient,
earmark_000159,,,2022,missing_recipient,
earmark_000160,,,2022,missing_recipient,
earmark_000161,,,2022,missing_recipient,
earmark_000162,,,2022,missing_recipient,
earmark_000163,,,2022,missing_recipient,
earmark_000164,,,2022,missing_recipient,
earmark_000165,,,2022,missing_recipient,
earmark_000166,,,2022,missing_recipient,
earmark_000167,,,2022,missing_recipient,
earmark_000168,,,2022,missing_recipient,
earmark_000169,,,2022,missing_recipient,
earmark_000170,,,2022,missing_recipient,
earmark_000171,,,2022,missing_recipient,
earmark_000172,,,2022,missing_recipient,
earmark_000173,,,2022,missing_recipient,
earmark_000174,,,2022,missing_recipient,
earmark_000175,,,2022,missing_recipient,
earmark_000176,,,2022,missing_recipient,
earmark_000177,,,2022,missing_recipient,
earmark_000178,,,2022,missing_recipient,
earmark_000179,,,2022,missing_recipient,
earmark_000180,,,2022,missing_recipient,
earmark_000181,,,2022,missing_recipient,
earmark_000182,,,2022,missing_recipient,
earmark_000183,,,2022,missing_recipient,
earmark_000184,,,2022,missing_recipient,
earmark_000185,,,2022,missing_recipient,
earmark_000186,,,2022,missing_recipient,
earmark_000187,,,2022,missing_recipient,
earmark_000188,,,2022,missing_recipient,
earmark_000189,,,2022,missing_recipient,
earmark_000190,,,2022,missing_recipient,
earmark_000191,,,2022,missing_recipient,
earmark_000192,,,2022,missing_recipient,
earmark_000193,,,2022,missing_recipient,
earmark_000194,,,2022,missing_recipient,
earmark_000195,,,2022,missing_recipient,
earmark_000196,,,2022,missing_recipient,
earmark_000197,,,2022,missing_recipient,
earmark_000198,,,2022,missing_recipient,
earmark_000199,,,2022,missing_recipient,
earmark_000200,,,2022,missing_recipient,
